문제 번호,문제 제목,난이도,알고리즘 태그
1000,A+B,Bronze5,"구현, 수학"
1001,A-B,Bronze5,"구현, 수학"
2557,Hello World,Bronze5,구현
2750,수 정렬하기,Bronze2,정렬
1181,단어 정렬,Silver5,"정렬, 문자열"
10828,스택,Silver4,"스택, 자료구조"
10845,큐,Silver4,"큐, 자료구조"
1260,DFS와 BFS,Silver2,"그래프, BFS, DFS"
2178,미로 탐색,Silver1,"BFS, 그래프"
1463,1로 만들기,Silver3,DP
9095,"1, 2, 3 더하기",Silver3,DP
11053,가장 긴 증가하는 부분 수열,Silver2,DP
1920,수 찾기,Silver4,이분탐색
2805,나무 자르기,Silver2,"이분탐색, 그리디"
11047,동전 0,Silver1,그리디
1931,회의실 배정,Silver1,"그리디, 정렬"
1927,최소 힙,Silver2,"자료구조, 힙"
1991,트리 순회,Silver1,트리
1197,최소 스패닝 트리,Gold4,"그래프, MST"
1753,최단경로,Gold4,"그래프, 최단경로"
9663,N-Queen,Gold4,백트래킹
2579,계단 오르기,Silver3,DP
1012,유기농 배추,Silver2,"DFS, 그래프"
11724,연결 요소의 개수,Silver2,"그래프, BFS, DFS"
1389,케빈 베이컨의 6단계 법칙,Silver1,"BFS, 그래프"